{"cameraMode":{"drawMode":0,"name":"Shaded","section":"Shading Mode"},"sceneLighting":true,"audioPlay":false,"sceneViewState":{"m_AlwaysRefresh":false,"showFog":true,"showSkybox":true,"showFlares":true,"showImageEffects":true,"showParticleSystems":true,"showVisualEffectGraphs":true,"m_FxEnabled":true},"in2DMode":false,"pivot":{"x":-0.00692671537399292,"y":0.020000001415610315,"z":17.979717254638673},"rotation":{"x":0.40923017263412478,"y":0.028721604496240617,"z":-0.012917210347950459,"w":0.9119485020637512},"size":2.0713565349578859,"orthographic":false}